<?xml version="1.0" encoding="UTF-8" standalone="yes"?>
<addon id="plugin.media.kde.presentations" name="KDE Presentations" version="1.0.0" provider-name="arucard">
	<requires>
		<import addon="xbmc.python" version="2.1.0"/>
		<import addon="script.module.beautifulsoup4" version="4.3.2"/>
		<import addon="script.module.requests" version="2.4.3"/>
	</requires>
	<extension point="xbmc.python.pluginsource" library="addon.py">
		<provides>audio video</provides>
	</extension>
	<extension point="xbmc.addon.metadata">
		<platform>all</platform>
		<language/>
		<summary lang="en">Provides access to some of the KDE presentations given at conferences</summary>
		<description lang="en">This add-on provides access to the KDE presentations that are made available on http://files.kde.org. This includes primarily presentations from Akademy, but also the available presentations from Randa and conf.kde.in. These presentations are simply made available in the same structure as provided. These presentations can be either slideshows, audio or video, so they will only appear in the relevant section in Kodi. </description>
		<license>GNU General Public License, v2</license>
		<disclaimer lang="en">This add-on is not endorsed by nor affiliated with the KDE Community or KDE e.V.</disclaimer>
		<news>v1.0.0
		- Initial release	
		</news>
		<forum/>
		<website>https://github.com/arucard21/plugin.media.kde.presentations/</website>
		<source>https://github.com/arucard21/plugin.media.kde.presentations/</source>
		<email>arucard21 at gmail dot com</email>
		<assets>
			<icon>icon.png</icon>
			<fanart>fanart.jpg</fanart>
		</assets>
	</extension>
</addon>
